Workbook

Sheet 요약_및_계산로직
A1: KRW IRS Bootstrapping 상세 리포트 (Piecewise Flat Forward)
A3: 1. 시장 데이터 및 선도금리 결과
A4: 인스트루먼트 | B4: 만기(년) | C4: 시장금리 | D4: Knot(개월) | E4: Solved Forward | F4: knot.yr | G4: dcf | H4: lnDcf
D5: 0 | F5: =D5/12 -> 0 | G5: 1 | H5: =LN(nodeInfo[[#This Row],[dcf]]) -> 0
A6: 1D Call | B6: 0.002739726 | C6: 0.035 | D6: 2 | E6: 0.034998322 | F6: =D6/12 -> 0.16666667 | G6: =G5*EXP(-E6*(F6-F5)) -> 0.99418393 | H6: =LN(nodeInfo[[#This Row],[dcf]]) -> -0.0058330537
A7: 3M Depo | B7: 0.25 | C7: 0.036 | D7: 5 | E7: 0.037520252 | F7: =D7/12 -> 0.41666667 | G7: =G6*EXP(-E7*(F7-F6)) -> 0.98490202 | H7: =LN(nodeInfo[[#This Row],[dcf]]) -> -0.015213117
A8: 6M IRS | B8: 0.5 | C8: 0.037 | D8: 7 | E8: 0.038449639 | F8: =D8/12 -> 0.58333333 | G8: =G7*EXP(-E8*(F8-F7)) -> 0.97861068 | H8: =LN(nodeInfo[[#This Row],[dcf]]) -> -0.02162139
A9: 9M IRS | B9: 0.75 | C9: 0.038 | D9: 10 | E9: 0.040521144 | F9: =D9/12 -> 0.83333333 | G9: =G8*EXP(-E9*(F9-F8)) -> 0.96874712 | H9: =LN(nodeInfo[[#This Row],[dcf]]) -> -0.031751676
A10: 1Y IRS | B10: 1 | C10: 0.039 | D10: 13 | E10: 0.042502221 | F10: =D10/12 -> 1.0833333 | G10: =G9*EXP(-E10*(F10-F9)) -> 0.95850813 | H10: =LN(nodeInfo[[#This Row],[dcf]]) -> -0.042377231

Sheet 상세_캐쉬플로우
A1: 모든 인스트루먼트 상세 캐쉬플로우 (Cashflow Detail & DCF)
A3: [1D Call] 상세 내역
A4: No | B4: 현금흐름일(년) | C4: 현금흐름액 | D4: 할인계수(DF) | E4: 할인현금흐름(DCF) | G4: 정합성 CHECK
A5: 1 | B5: 0.002739726 | C5: 1.0000959 | D5: 0.99990412 | E5: 1 | F5: {=EXP(xlLinearInt(nodeInfo[knot.yr],nodeInfo[lnDcf],상세_캐쉬플로우!B5))} -> 0.99990412 | G5: =D5-F5 -> 0
D6: Total PV (Should be ~1): | E6: 1
A8: [3M Depo] 상세 내역
A9: No | B9: 현금흐름일(년) | C9: 현금흐름액 | D9: 할인계수(DF) | E9: 할인현금흐름(DCF) | G9: 정합성 CHECK
A10: 1 | B10: 0.25 | C10: 1.009 | D10: 0.99108028 | E10: 1 | F10: {=EXP(xlLinearInt(nodeInfo[knot.yr],nodeInfo[lnDcf],상세_캐쉬플로우!B10))} -> 0.99108028 | G10: =D10-F10 -> 0
D11: Total PV (Should be ~1): | E11: 1
A13: [6M IRS] 상세 내역
A14: No | B14: 현금흐름일(년) | C14: 현금흐름액 | D14: 할인계수(DF) | E14: 할인현금흐름(DCF) | G14: 정합성 CHECK
A15: 1 | B15: 0.25 | C15: 0.00925 | D15: 0.99108028 | E15: 0.0091674926 | F15: {=EXP(xlLinearInt(nodeInfo[knot.yr],nodeInfo[lnDcf],상세_캐쉬플로우!B15))} -> 0.99108028 | G15: =D15-F15 -> 0
A16: 2 | B16: 0.5 | C16: 0.00925 | D16: 0.98175131 | E16: 0.0090811996 | F16: {=EXP(xlLinearInt(nodeInfo[knot.yr],nodeInfo[lnDcf],상세_캐쉬플로우!B16))} -> 0.98175131 | G16: =D16-F16 -> 0
D17: Fixed Leg PV (Sum): | E17: 0.018248692
D18: Floating Leg PV (1 - DF_end): | E18: 0.018248692
A20: [9M IRS] 상세 내역
A21: No | B21: 현금흐름일(년) | C21: 현금흐름액 | D21: 할인계수(DF) | E21: 할인현금흐름(DCF) | G21: 정합성 CHECK
A22: 1 | B22: 0.25 | C22: 0.0095 | D22: 0.99108028 | E22: 0.0094152626 | F22: {=EXP(xlLinearInt(nodeInfo[knot.yr],nodeInfo[lnDcf],상세_캐쉬플로우!B22))} -> 0.99108028 | G22: =D22-F22 -> 0
A23: 2 | B23: 0.5 | C23: 0.0095 | D23: 0.98175131 | E23: 0.0093266374
A24: 3 | B24: 0.75 | C24: 0.0095 | D24: 0.97202387 | E24: 0.0092342268
D25: Fixed Leg PV (Sum): | E25: 0.027976127
D26: Floating Leg PV (1 - DF_end): | E26: 0.027976127
A28: [1Y IRS] 상세 내역
A29: No | B29: 현금흐름일(년) | C29: 현금흐름액 | D29: 할인계수(DF) | E29: 할인현금흐름(DCF) | G29: 정합성 CHECK
A30: 1 | B30: 0.25 | C30: 0.00975 | D30: 0.99108028 | E30: 0.0096630327 | F30: {=EXP(xlLinearInt(nodeInfo[knot.yr],nodeInfo[lnDcf],상세_캐쉬플로우!B30))} -> 0.99108028 | G30: =D30-F30 -> 0
A31: 2 | B31: 0.5 | C31: 0.00975 | D31: 0.98175131 | E31: 0.0095720753 | F31: {=EXP(xlLinearInt(nodeInfo[knot.yr],nodeInfo[lnDcf],상세_캐쉬플로우!B31))} -> 0.98175131 | G31: =D31-F31 -> 0
A32: 3 | B32: 0.75 | C32: 0.00975 | D32: 0.97202387 | E32: 0.0094772328 | F32: {=EXP(xlLinearInt(nodeInfo[knot.yr],nodeInfo[lnDcf],상세_캐쉬플로우!B32))} -> 0.97202387 | G32: =D32-F32 -> 0
A33: 4 | B33: 1 | C33: 0.00975 | D33: 0.96190905 | E33: 0.0093786132 | F33: {=EXP(xlLinearInt(nodeInfo[knot.yr],nodeInfo[lnDcf],상세_캐쉬플로우!B33))} -> 0.96190905 | G33: =D33-F33 -> 0
D34: Fixed Leg PV (Sum): | E34: 0.038090954
D35: Floating Leg PV (1 - DF_end): | E35: 0.038090954
