Workbook

Sheet 요약_및_계산로직
A1: KRW IRS Bootstrapping 상세 리포트
A3: 1. 시장 데이터 및 선도금리 결과
A4: 인스트루먼트 | B4: 만기(년) | C4: 시장금리 | D4: Knot(개월) | E4: Knot(년) | F4: Solved Forward
A5: 1D Call | B5: 0.002739726 | C5: 0.035 | D5: 2 | E5: 0.16666667 | F5: 0.034998322
A6: 3M Depo | B6: 0.25 | C6: 0.036 | D6: 5 | E6: 0.41666667 | F6: 0.037520252
A7: 6M IRS | B7: 0.5 | C7: 0.037 | D7: 7 | E7: 0.58333333 | F7: 0.038449639
A8: 9M IRS | B8: 0.75 | C8: 0.038 | D8: 10 | E8: 0.83333333 | F8: 0.040521144
A9: 1Y IRS | B9: 1 | C9: 0.039 | D9: 13 | E9: 1.0833333 | F9: 0.042502221

Sheet 상세_캐쉬플로우
A1: 모든 인스트루먼트 상세 캐쉬플로우 (수식 연동 버전)
A3: [1D Call] 상세 내역
A4: No | B4: 현금흐름일(년) | C4: 현금흐름액 | D4: 할인계수(DF) | E4: 할인현금흐름(DCF)
A5: 1 | B5: 0.002739726 | C5: 1.0000959 | D5: =EXP(-(MIN($B5, 요약_및_계산로직!$E$5)*요약_및_계산로직!$F$5 + MAX(0, MIN($B5, 요약_및_계산로직!$E$6)-요약_및_계산로직!$E$5)*요약_및_계산로직!$F$6 + MAX(0, MIN($B5, 요약_및_계산로직!$E$7)-요약_및_계산로직!$E$6)*요약_및_계산로직!$F$7 + MAX(0, MIN($B5, 요약_및_계산로직!$E$8)-요약_및_계산로직!$E$7)*요약_및_계산로직!$F$8 + MAX(0, MIN($B5, 요약_및_계산로직!$E$9)-요약_및_계산로직!$E$8)*요약_및_계산로직!$F$9)) -> 0.99990412 | E5: =C5*D5 -> 1
D6: Total PV (Should be ~1): | E6: =E5 -> 1
A8: [3M Depo] 상세 내역
A9: No | B9: 현금흐름일(년) | C9: 현금흐름액 | D9: 할인계수(DF) | E9: 할인현금흐름(DCF)
A10: 1 | B10: 0.25 | C10: 1.009 | D10: =EXP(-(MIN($B10, 요약_및_계산로직!$E$5)*요약_및_계산로직!$F$5 + MAX(0, MIN($B10, 요약_및_계산로직!$E$6)-요약_및_계산로직!$E$5)*요약_및_계산로직!$F$6 + MAX(0, MIN($B10, 요약_및_계산로직!$E$7)-요약_및_계산로직!$E$6)*요약_및_계산로직!$F$7 + MAX(0, MIN($B10, 요약_및_계산로직!$E$8)-요약_및_계산로직!$E$7)*요약_및_계산로직!$F$8 + MAX(0, MIN($B10, 요약_및_계산로직!$E$9)-요약_및_계산로직!$E$8)*요약_및_계산로직!$F$9)) -> 0.99108028 | E10: =C10*D10 -> 1
D11: Total PV (Should be ~1): | E11: =E10 -> 1
A13: [6M IRS] 상세 내역
A14: No | B14: 현금흐름일(년) | C14: 현금흐름액 | D14: 할인계수(DF) | E14: 할인현금흐름(DCF)
A15: 1 | B15: 0.25 | C15: 0.00925 | D15: =EXP(-(MIN($B15, 요약_및_계산로직!$E$5)*요약_및_계산로직!$F$5 + MAX(0, MIN($B15, 요약_및_계산로직!$E$6)-요약_및_계산로직!$E$5)*요약_및_계산로직!$F$6 + MAX(0, MIN($B15, 요약_및_계산로직!$E$7)-요약_및_계산로직!$E$6)*요약_및_계산로직!$F$7 + MAX(0, MIN($B15, 요약_및_계산로직!$E$8)-요약_및_계산로직!$E$7)*요약_및_계산로직!$F$8 + MAX(0, MIN($B15, 요약_및_계산로직!$E$9)-요약_및_계산로직!$E$8)*요약_및_계산로직!$F$9)) -> 0.99108028 | E15: =C15*D15 -> 0.0091674926
A16: 2 | B16: 0.5 | C16: 0.00925 | D16: =EXP(-(MIN($B16, 요약_및_계산로직!$E$5)*요약_및_계산로직!$F$5 + MAX(0, MIN($B16, 요약_및_계산로직!$E$6)-요약_및_계산로직!$E$5)*요약_및_계산로직!$F$6 + MAX(0, MIN($B16, 요약_및_계산로직!$E$7)-요약_및_계산로직!$E$6)*요약_및_계산로직!$F$7 + MAX(0, MIN($B16, 요약_및_계산로직!$E$8)-요약_및_계산로직!$E$7)*요약_및_계산로직!$F$8 + MAX(0, MIN($B16, 요약_및_계산로직!$E$9)-요약_및_계산로직!$E$8)*요약_및_계산로직!$F$9)) -> 0.98175131 | E16: =C16*D16 -> 0.0090811996
D17: Fixed Leg PV (Sum): | E17: =SUM(E15:E15) -> 0.0091674926
D18: Floating Leg PV (1-DF_end): | E18: =1-D15 -> 0.0089197225
A20: [9M IRS] 상세 내역
A21: No | B21: 현금흐름일(년) | C21: 현금흐름액 | D21: 할인계수(DF) | E21: 할인현금흐름(DCF)
A22: 1 | B22: 0.25 | C22: 0.0095 | D22: =EXP(-(MIN($B22, 요약_및_계산로직!$E$5)*요약_및_계산로직!$F$5 + MAX(0, MIN($B22, 요약_및_계산로직!$E$6)-요약_및_계산로직!$E$5)*요약_및_계산로직!$F$6 + MAX(0, MIN($B22, 요약_및_계산로직!$E$7)-요약_및_계산로직!$E$6)*요약_및_계산로직!$F$7 + MAX(0, MIN($B22, 요약_및_계산로직!$E$8)-요약_및_계산로직!$E$7)*요약_및_계산로직!$F$8 + MAX(0, MIN($B22, 요약_및_계산로직!$E$9)-요약_및_계산로직!$E$8)*요약_및_계산로직!$F$9)) -> 0.99108028 | E22: =C22*D22 -> 0.0094152626
A23: 2 | B23: 0.5 | C23: 0.0095 | D23: =EXP(-(MIN($B23, 요약_및_계산로직!$E$5)*요약_및_계산로직!$F$5 + MAX(0, MIN($B23, 요약_및_계산로직!$E$6)-요약_및_계산로직!$E$5)*요약_및_계산로직!$F$6 + MAX(0, MIN($B23, 요약_및_계산로직!$E$7)-요약_및_계산로직!$E$6)*요약_및_계산로직!$F$7 + MAX(0, MIN($B23, 요약_및_계산로직!$E$8)-요약_및_계산로직!$E$7)*요약_및_계산로직!$F$8 + MAX(0, MIN($B23, 요약_및_계산로직!$E$9)-요약_및_계산로직!$E$8)*요약_및_계산로직!$F$9)) -> 0.98175131 | E23: =C23*D23 -> 0.0093266374
A24: 3 | B24: 0.75 | C24: 0.0095 | D24: =EXP(-(MIN($B24, 요약_및_계산로직!$E$5)*요약_및_계산로직!$F$5 + MAX(0, MIN($B24, 요약_및_계산로직!$E$6)-요약_및_계산로직!$E$5)*요약_및_계산로직!$F$6 + MAX(0, MIN($B24, 요약_및_계산로직!$E$7)-요약_및_계산로직!$E$6)*요약_및_계산로직!$F$7 + MAX(0, MIN($B24, 요약_및_계산로직!$E$8)-요약_및_계산로직!$E$7)*요약_및_계산로직!$F$8 + MAX(0, MIN($B24, 요약_및_계산로직!$E$9)-요약_및_계산로직!$E$8)*요약_및_계산로직!$F$9)) -> 0.97202387 | E24: =C24*D24 -> 0.0092342268
D25: Fixed Leg PV (Sum): | E25: =SUM(E22:E23) -> 0.0187419
D26: Floating Leg PV (1-DF_end): | E26: =1-D23 -> 0.018248692
A28: [1Y IRS] 상세 내역
A29: No | B29: 현금흐름일(년) | C29: 현금흐름액 | D29: 할인계수(DF) | E29: 할인현금흐름(DCF)
A30: 1 | B30: 0.25 | C30: 0.00975 | D30: =EXP(-(MIN($B30, 요약_및_계산로직!$E$5)*요약_및_계산로직!$F$5 + MAX(0, MIN($B30, 요약_및_계산로직!$E$6)-요약_및_계산로직!$E$5)*요약_및_계산로직!$F$6 + MAX(0, MIN($B30, 요약_및_계산로직!$E$7)-요약_및_계산로직!$E$6)*요약_및_계산로직!$F$7 + MAX(0, MIN($B30, 요약_및_계산로직!$E$8)-요약_및_계산로직!$E$7)*요약_및_계산로직!$F$8 + MAX(0, MIN($B30, 요약_및_계산로직!$E$9)-요약_및_계산로직!$E$8)*요약_및_계산로직!$F$9)) -> 0.99108028 | E30: =C30*D30 -> 0.0096630327
A31: 2 | B31: 0.5 | C31: 0.00975 | D31: =EXP(-(MIN($B31, 요약_및_계산로직!$E$5)*요약_및_계산로직!$F$5 + MAX(0, MIN($B31, 요약_및_계산로직!$E$6)-요약_및_계산로직!$E$5)*요약_및_계산로직!$F$6 + MAX(0, MIN($B31, 요약_및_계산로직!$E$7)-요약_및_계산로직!$E$6)*요약_및_계산로직!$F$7 + MAX(0, MIN($B31, 요약_및_계산로직!$E$8)-요약_및_계산로직!$E$7)*요약_및_계산로직!$F$8 + MAX(0, MIN($B31, 요약_및_계산로직!$E$9)-요약_및_계산로직!$E$8)*요약_및_계산로직!$F$9)) -> 0.98175131 | E31: =C31*D31 -> 0.0095720753
A32: 3 | B32: 0.75 | C32: 0.00975 | D32: =EXP(-(MIN($B32, 요약_및_계산로직!$E$5)*요약_및_계산로직!$F$5 + MAX(0, MIN($B32, 요약_및_계산로직!$E$6)-요약_및_계산로직!$E$5)*요약_및_계산로직!$F$6 + MAX(0, MIN($B32, 요약_및_계산로직!$E$7)-요약_및_계산로직!$E$6)*요약_및_계산로직!$F$7 + MAX(0, MIN($B32, 요약_및_계산로직!$E$8)-요약_및_계산로직!$E$7)*요약_및_계산로직!$F$8 + MAX(0, MIN($B32, 요약_및_계산로직!$E$9)-요약_및_계산로직!$E$8)*요약_및_계산로직!$F$9)) -> 0.97202387 | E32: =C32*D32 -> 0.0094772328
A33: 4 | B33: 1 | C33: 0.00975 | D33: =EXP(-(MIN($B33, 요약_및_계산로직!$E$5)*요약_및_계산로직!$F$5 + MAX(0, MIN($B33, 요약_및_계산로직!$E$6)-요약_및_계산로직!$E$5)*요약_및_계산로직!$F$6 + MAX(0, MIN($B33, 요약_및_계산로직!$E$7)-요약_및_계산로직!$E$6)*요약_및_계산로직!$F$7 + MAX(0, MIN($B33, 요약_및_계산로직!$E$8)-요약_및_계산로직!$E$7)*요약_및_계산로직!$F$8 + MAX(0, MIN($B33, 요약_및_계산로직!$E$9)-요약_및_계산로직!$E$8)*요약_및_계산로직!$F$9)) -> 0.96190905 | E33: =C33*D33 -> 0.0093786132
D34: Fixed Leg PV (Sum): | E34: =SUM(E30:E32) -> 0.028712341
D35: Floating Leg PV (1-DF_end): | E35: =1-D32 -> 0.027976127
